Workbook

Sheet Trailing Revenue Annual Excel C
A1: Year | B1: Spend | C1: SubsOrigin | D1: CVOrigin | E1: SubsAfterY1 | F1: CVAfterY1 | G1: SubsAfterY2 | H1: CVAfterY2 | I1: SubsAfterY3 | J1: CVAfterY3 | K1: SubsAfterY4 | L1: CVAfterY4 | M1: SubsAfterY5 | N1: CVAfterY5 | O1: TotalEarned | P1: EarnedAFTEROrigin
A2: 2019 | B2: 339813.29 | C2: 2949 | D2: 2155534.5 | E2: 1963 | F2: 1488126.4 | G2: 1341 | H2: 1077743.3 | I2: 998 | J2: 822640.18 | K2: 749 | L2: 620262.92 | M2: 594 | N2: 489142.3 | O2: 6653449.7 | P2: 4497915.1
A3: 2020 | B3: 2268311.8 | C3: 14136 | D3: 10699962 | E3: 8667 | F3: 6934029.8 | G3: 5368 | H3: 4450942.8 | I3: 3870 | J3: 3232494.6 | K3: 3102 | L3: 2562957.3 | M3: 0 | N3: 0 | O3: 27880386 | P3: 17180425
A4: 2021 | B4: 1647249.3 | C4: 13998 | D4: 10360548 | E4: 7944 | F4: 6541163.8 | G4: 5370 | H4: 4583919.5 | I4: 4210 | J4: 3609334.6 | K4: 0 | L4: 0 | M4: 0 | N4: 0 | O4: 25094966 | P4: 14734418
A5: 2022 | B5: 4000000 | C5: 17479 | D5: 14376261 | E5: 10635 | F5: 8916576.3 | G5: 7620 | H5: 6404533.7 | I5: 0 | J5: 0 | K5: 0 | L5: 0 | M5: 0 | N5: 0 | O5: 29697371 | P5: 15321110
A6: 2023 | B6: 5548772.6 | C6: 20474 | D6: 16798279 | E6: 13468 | F6: 11263854 | G6: 0 | H6: 0 | I6: 0 | J6: 0 | K6: 0 | L6: 0 | M6: 0 | N6: 0 | O6: 28062134 | P6: 11263854
A7: 2024 | B7: 4561046.8 | C7: 18912 | D7: 16201068 | E7: 0 | F7: 0 | G7: 0 | H7: 0 | I7: 0 | J7: 0 | K7: 0 | L7: 0 | M7: 0 | N7: 0 | O7: 16201068 | P7: 0
O8: =SUM(O2:O7) -> 1.3358937e+08 | P8: =SUM(P2:P7) -> 62997722
B9: Subs retention | O9: =O8-O35 -> 13375354
A10: Year Started | B10: =+A2 -> 2019 | C10: =CONCATENATE(A3, " / ", A2) -> 2020 / 2019 | D10: =E2/C2 -> 0.66564937 | E10: =CONCATENATE(A4, " / ", A2) -> 2021 / 2019 | F10: =G2/C2 -> 0.45473042 | G10: =CONCATENATE(A5, " / ", A2) -> 2022 / 2019 | H10: =I2/C2 -> 0.3384198 | I10: =CONCATENATE(A6, " / ", A2) -> 2023 / 2019 | J10: =K2/C2 -> 0.2539844 | K10: =CONCATENATE(A7, " / ", A2) -> 2024 / 2019 | L10: =M2/C2 -> 0.20142421
B11: =+A3 -> 2020 | C11: =CONCATENATE(A4, " / ", A3) -> 2021 / 2020 | D11: =E3/C3 -> 0.61311545 | E11: =CONCATENATE(A5, " / ", A3) -> 2022 / 2020 | F11: =G3/C3 -> 0.37973967 | G11: =CONCATENATE(A6, " / ", A3) -> 2023 / 2020 | H11: =I3/C3 -> 0.2737691 | I11: =CONCATENATE(A7, " / ", A3) -> 2024 / 2020 | J11: =K3/C3 -> 0.21943973
B12: =+A4 -> 2021 | C12: =CONCATENATE(A5, " / ", A4) -> 2022 / 2021 | D12: =E4/C4 -> 0.56750964 | E12: =CONCATENATE(A6, " / ", A4) -> 2023 / 2021 | F12: =G4/C4 -> 0.38362623 | G12: =CONCATENATE(A7, " / ", A4) -> 2024 / 2021 | H12: =I4/C4 -> 0.30075725
B13: =+A5 -> 2022 | C13: =CONCATENATE(A6, " / ", A5) -> 2023 / 2022 | D13: =E5/C5 -> 0.60844442 | E13: =CONCATENATE(A7, " / ", A5) -> 2024 / 2022 | F13: =G5/C5 -> 0.43595171
B14: =+A6 -> 2023 | C14: =CONCATENATE(A7, " / ", A6) -> 2024 / 2023 | D14: =E6/C6 -> 0.65780991
B16: Subs YOY Retention
A17: Year Started | B17: =+A2 -> 2019 | C17: =_xlfn.CONCAT(A3," / ",A2) -> 2020 / 2019 | D17: =E2/C2 -> 0.66564937 | E17: =_xlfn.CONCAT(A4, " / ",A3) -> 2021 / 2020 | F17: =G2/E2 -> 0.68313805 | G17: =_xlfn.CONCAT(A5," / ",A4) -> 2022 / 2021 | H17: =I2/G2 -> 0.74422073 | I17: =_xlfn.CONCAT(A6, " / ",A5) -> 2023 / 2022 | J17: =K2/I2 -> 0.750501 | K17: =_xlfn.CONCAT(A7, " / ", A6) -> 2024 / 2023 | L17: =M2/K2 -> 0.79305741
B18: =+A3 -> 2020 | C18: =_xlfn.CONCAT(A4," / ",A3) -> 2021 / 2020 | D18: =E3/C3 -> 0.61311545 | E18: =_xlfn.CONCAT(A5, " / ",A4) -> 2022 / 2021 | F18: =G3/E3 -> 0.61936079 | G18: =_xlfn.CONCAT(A6," / ",A5) -> 2023 / 2022 | H18: =I3/G3 -> 0.7209389 | I18: =_xlfn.CONCAT(A7, " / ",A6) -> 2024 / 2023 | J18: =K3/I3 -> 0.80155039
B19: =+A4 -> 2021 | C19: =_xlfn.CONCAT(A5," / ",A4) -> 2022 / 2021 | D19: =E4/C4 -> 0.56750964 | E19: =_xlfn.CONCAT(A6, " / ",A5) -> 2023 / 2022 | F19: =G4/E4 -> 0.67598187 | G19: =_xlfn.CONCAT(A7," / ",A6) -> 2024 / 2023 | H19: =I4/G4 -> 0.7839851
B20: =+A5 -> 2022 | C20: =_xlfn.CONCAT(A6," / ",A5) -> 2023 / 2022 | D20: =E5/C5 -> 0.60844442 | E20: =_xlfn.CONCAT(A7, " / ",A6) -> 2024 / 2023 | F20: =G5/E5 -> 0.71650212
B21: =+A6 -> 2023 | C21: =_xlfn.CONCAT(A7," / ",A6) -> 2024 / 2023 | D21: =E6/C6 -> 0.65780991
B23: Subs YOY retention projection
A24: Year | B24: 2024 | C24: 2025 / 2024 | D24: =+D19 -> 0.56750964 | E24: 2026 / 2025 | F24: =+F18 -> 0.61936079 | G24: 2027 / 2026 | H24: =+H18 -> 0.7209389 | I24: 2028 / 2027 | J24: =+J17 -> 0.750501 | K24: 2029 / 2028 | L24: 0.78
A25: No- Spend Revenue | B25: =D7 -> 16201068 | C25: =C7*D24 -> 10732.742 | D25: =+C25*($D$7/$C$7) -> 9194262.2 | E25: =C25*F24 -> 6647.4398 | F25: =+E25*($D$7/$C$7) -> 5694565.5 | G25: =+E25*H24 -> 4792.398 | H25: =+G25*($D$7/$C$7) -> 4105433.8 | I25: =+G25*J24 -> 3596.6995 | J25: =+I25*($D$7/$C$7) -> 3081132.2 | K25: =I25*L24 -> 2805.4256 | L25: =+K25*($D$7/$C$7) -> 2403283.1
A26: Projected 2024
A28: Year | B28: Spend | C28: SubsOrigin | D28: CVOrigin | E28: SubsAfterY1 | F28: CVAfterY1 | G28: SubsAfterY2 | H28: CVAfterY2 | I28: SubsAfterY3 | J28: CVAfterY3 | K28: SubsAfterY4 | L28: CVAfterY4 | M28: SubsAfterY5 | N28: CVAfterY5 | O28: TotalEarned | P28: EarnedAFTEROrigin
A29: 2019 | B29: 339813.29 | C29: 2952 | D29: 2158733 | E29: 1965 | F29: 1149871.4 | G29: 1343 | H29: 849331.36 | I29: 1001 | J29: 661016.42 | K29: 753 | L29: 501816.32 | M29: 584 | N29: 386260.23 | O29: 5707028.8 | P29: 3548295.8
A30: 2020 | B30: 2268311.8 | C30: 14138 | D30: 10705503 | E30: 8666 | F30: 5168807.5 | G30: 5367 | H30: 3523366.8 | I30: 3873 | J30: 2561826.4 | K30: 3026 | L30: 1971839.7 | M30: 0 | N30: 0 | O30: 23931344 | P30: 13225840
A31: 2021 | B31: 1647249.3 | C31: 15256 | D31: 10718854 | E31: 7946 | F31: 4954534.8 | G31: 5380 | H31: 3512174 | I31: 4099 | J31: 2675377.7 | K31: 0 | L31: 0 | M31: 0 | N31: 0 | O31: 21860941 | P31: 11142087
A32: 2022 | B32: 5500000 | C32: 19148 | D32: 14413174 | E32: 10658 | F32: 6729968.6 | G32: 7315 | H32: 4623186.7 | I32: 0 | J32: 0 | K32: 0 | L32: 0 | M32: 0 | N32: 0 | O32: 25766329 | P32: 11353155
A33: 2023 | B33: 5548772.6 | C33: 21584 | D33: 16614070 | E33: 12735 | F33: 7996580.3 | G33: 0 | H33: 0 | I33: 0 | J33: 0 | K33: 0 | L33: 0 | M33: 0 | N33: 0 | O33: 24610650 | P33: 7996580.3
A34: 2024 | B34: 4561323 | C34: 22592 | D34: 18337728 | E34: 0 | F34: 0 | G34: 0 | H34: 0 | I34: 0 | J34: 0 | K34: 0 | L34: 0 | M34: 0 | N34: 0 | O34: 18337728 | P34: 0
O35: =SUM(O29:O34) -> 1.2021402e+08 | P35: =SUM(P29:P34) -> 47265958

Sheet Historical
B1: CV earned | C1: 2019 | D1: 2020 | E1: 2021 | F1: 2022 | G1: 2023 | H1: 2024 | I1: Total | K1: Spend | L1: overall
A2: Year Sub Started | B2: ='Trailing Revenue Annual Excel C'!A2 -> 2019 | C2: ='Trailing Revenue Annual Excel C'!D2 -> 2155534.5 | D2: ='Trailing Revenue Annual Excel C'!F2 -> 1488126.4 | E2: ='Trailing Revenue Annual Excel C'!H2 -> 1077743.3 | F2: =+'Trailing Revenue Annual Excel C'!J2 -> 822640.18 | G2: =+'Trailing Revenue Annual Excel C'!L2 -> 620262.92 | H2: =+'Trailing Revenue Annual Excel C'!N2 -> 489142.3 | I2: =SUM(C2:H2) -> 6653449.7 | J2: =+B2 -> 2019 | K2: ='Trailing Revenue Annual Excel C'!B2 -> 339813.29 | L2: =I2/K2 -> 19.579722
B3: ='Trailing Revenue Annual Excel C'!A3 -> 2020 | D3: =+'Trailing Revenue Annual Excel C'!D3 -> 10699962 | E3: =+'Trailing Revenue Annual Excel C'!F3 -> 6934029.8 | F3: =+'Trailing Revenue Annual Excel C'!H3 -> 4450942.8 | G3: =+'Trailing Revenue Annual Excel C'!J3 -> 3232494.6 | H3: =+'Trailing Revenue Annual Excel C'!L3 -> 2562957.3 | I3: =SUM(C3:H3) -> 27880386 | J3: =+B3 -> 2020 | K3: ='Trailing Revenue Annual Excel C'!B3 -> 2268311.8 | L3: =I3/K3 -> 12.291249
B4: ='Trailing Revenue Annual Excel C'!A4 -> 2021 | E4: =+'Trailing Revenue Annual Excel C'!D4 -> 10360548 | F4: =+'Trailing Revenue Annual Excel C'!F4 -> 6541163.8 | G4: =+'Trailing Revenue Annual Excel C'!H4 -> 4583919.5 | H4: =+'Trailing Revenue Annual Excel C'!J4 -> 3609334.6 | I4: =SUM(C4:H4) -> 25094966 | J4: =+B4 -> 2021 | K4: ='Trailing Revenue Annual Excel C'!B4 -> 1647249.3 | L4: =I4/K4 -> 15.234467
B5: ='Trailing Revenue Annual Excel C'!A5 -> 2022 | F5: =+'Trailing Revenue Annual Excel C'!D5 -> 14376261 | G5: =+'Trailing Revenue Annual Excel C'!F5 -> 8916576.3 | H5: =+'Trailing Revenue Annual Excel C'!H5 -> 6404533.7 | I5: =SUM(C5:H5) -> 29697371 | J5: =+B5 -> 2022 | K5: 5500000 | L5: =I5/K5 -> 5.399522
B6: ='Trailing Revenue Annual Excel C'!A6 -> 2023 | G6: =+'Trailing Revenue Annual Excel C'!D6 -> 16798279 | H6: =+'Trailing Revenue Annual Excel C'!F6 -> 11263854 | I6: =SUM(C6:H6) -> 28062134 | J6: =+B6 -> 2023 | K6: ='Trailing Revenue Annual Excel C'!B6 -> 5548772.6 | L6: =I6/K6 -> 5.0573588
B7: ='Trailing Revenue Annual Excel C'!A7 -> 2024 | H7: =+'Trailing Revenue Annual Excel C'!D7 -> 16201068 | I7: =SUM(C7:H7) -> 16201068 | J7: =+B7 -> 2024 | K7: ='Trailing Revenue Annual Excel C'!B7 -> 4561046.8 | L7: =I7/K7 -> 3.5520503
A8: Sum For the Year | C8: =SUM(C2:C7) -> 2155534.5 | D8: =SUM(D2:D7) -> 12188088 | E8: =SUM(E2:E7) -> 18372321 | F8: =SUM(F2:F7) -> 26191008 | G8: =SUM(G2:G7) -> 34151533 | H8: =SUM(H2:H7) -> 40530890 | I8: =SUM(C8:H8) -> 1.3358937e+08 | J8: =SUM(K1:K7) -> 19865194 | K8: =I8/J8 -> 6.7247959
I9: =SUM(I1:I7) -> 1.3358937e+08
J15: Four-year comparison (Projection) | K15: Spend | L15: Money made per dollar spent | M15: Difference (22 - 20) | N15: Difference (21 - 20) | O15: Difference (22 - 21)
B16: Year started | C16: Money made to date | D16: Years of Accruement | E16: Spend | F16: ROI To date | G16: Money Made per dollar spent | H16: Money made per dollar spent in the First Year | J16: 2020 | K16: =SUM(D3:G3) -> 25317429 | L16: =K3 -> 2268311.8 | M16: =K16/L16 -> 11.161353 | N16: =K18-K16 -> 8379942.2 | O16: =K17-K16 -> -222463.44 | P16: =K18-K17 -> 8602405.7
B17: 2019 | C17: =SUM(C2:H2) -> 6653449.7 | D17: 6 | E17: =K2 -> 339813.29 | F17: =(C17-E17)/E17 -> 18.579722 | G17: =C17/E17 -> 19.579722 | H17: =C2/K2 -> 6.3432908 | J17: 2021 | K17: =SUM(E4:H4) -> 25094966 | L17: =K4 -> 1647249.3 | M17: =K17/L17 -> 15.234467 | N17: =L18-L16 -> 3231688.2 | O17: =L17-L16 -> -621062.52 | P17: =L18-L17 -> 3852750.7
B18: 2020 | C18: =SUM(C3:H3) -> 27880386 | D18: 5 | E18: =K3 -> 2268311.8 | F18: =(C18-E18)/E18 -> 11.291249 | G18: =C18/E18 -> 12.291249 | H18: =D3/K3 -> 4.7171476 | J18: 2022 | K18: =SUM(F5:H5)+4000000 -> 33697371 | L18: =K5 -> 5500000 | M18: =K18/L18 -> 6.1267948
B19: 2021 | C19: =SUM(C4:H4) -> 25094966 | D19: 4 | E19: =K4 -> 1647249.3 | F19: =(C19-E19)/E19 -> 14.234467 | G19: =C19/E19 -> 15.234467 | H19: =E4/K4 -> 6.2896051
B20: 2022 | C20: =SUM(C5:H5) -> 29697371 | D20: 3 | E20: =K5 -> 5500000 | F20: =(C20-E20)/E20 -> 4.399522 | G20: =C20/E20 -> 5.399522 | H20: =F5/K5 -> 2.6138657
A21: # Why did 2023 make less than 2020? A: Because 2020 grew over 4 years | B21: 2023 | C21: =SUM(C6:H6) -> 28062134 | D21: 2 | E21: =K6 -> 5548772.6 | F21: =(C21-E21)/E21 -> 4.0573588 | G21: =C21/E21 -> 5.0573588 | H21: =G6/K6 -> 3.0273866
B22: 2024 | C22: =SUM(C7:H7) -> 16201068 | D22: 1 | E22: =K7 -> 4561046.8 | F22: =(C22-E22)/E22 -> 2.5520503 | G22: =C22/E22 -> 3.5520503 | H22: =H7/K7 -> 3.5520503
B23: Total | C23: =SUM(C17:C22) -> 1.3358937e+08 | E23: =SUM(E17:E22) -> 19865194 | F23: =(C23-E23)/E23 -> 5.7247959 | G23: =C23/E23 -> 6.7247959 | H23: =SUM(C2,D3,E4,F5,G6,H7)/SUM(K2:K7) -> 3.5535345
B25: Total Money made
B26: =B17 -> 2019 | C26: =C8 -> 2155534.5
B27: =B18 -> 2020 | C27: =+D8 -> 12188088
B28: =B19 -> 2021 | C28: =+E8 -> 18372321
B29: =B20 -> 2022 | C29: =+F8 -> 26191008
B30: =B21 -> 2023 | C30: =+G8 -> 34151533
B31: =B22 -> 2024 | C31: =+H8 -> 40530890
B32: Total | C32: =SUM(C26:C31) -> 1.3358937e+08

Sheet Projected 2024
B1: 2024 | C1: 2025 | D1: 2026 | E1: 2027 | F1: 2028 | G1: 2029 | H1: Sum | I1: Spend
A2: If we stopped campaigns right now. | B2: ='Trailing Revenue Annual Excel C'!D7 -> 16201068 | C2: =+'Trailing Revenue Annual Excel C'!D25 -> 9194262.2 | D2: =+'Trailing Revenue Annual Excel C'!F25 -> 5694565.5 | E2: =+'Trailing Revenue Annual Excel C'!H25 -> 4105433.8 | F2: =+'Trailing Revenue Annual Excel C'!J25 -> 3081132.2 | G2: =+'Trailing Revenue Annual Excel C'!L25 -> 2403283.1 | H2: =SUM(B2:G2) -> 40679744 | I2: ='Trailing Revenue Annual Excel C'!B7 -> 4561046.8
A3: If we hit our projections | B3: =74000*0.32*(780) -> 18470400 | C3: =+B3*'Trailing Revenue Annual Excel C'!D24 -> 10482130 | D3: =+C3*'Trailing Revenue Annual Excel C'!F24 -> 6492220.4 | E3: =+D3*'Trailing Revenue Annual Excel C'!H24 -> 4680494.2 | F3: =+'Projected 2024'!E3*'Trailing Revenue Annual Excel C'!J24 -> 3512715.6 | G3: =+F3*'Trailing Revenue Annual Excel C'!L24 -> 2739918.2 | H3: =SUM(B3:G3) -> 46377879 | I3: 5500000
A4: Loss | B4: =B3-B2 -> 2269332.3 | C4: =C3-C2 -> 1287868 | D4: =D3-D2 -> 797654.93 | E4: =E3-E2 -> 575060.46 | F4: =F3-F2 -> 431583.45 | G4: =G3-G2 -> 336635.09 | H4: =SUM(B4:G4) -> 5698134.2 | I4: =SUM(A4:G4) -> 5698134.2

Sheet Sheet1
